{
  "IcoMoonType": "selection",
  "icons": [
    {
      "icon": {
        "paths": [
          "M864 0c88.364 0 160 71.634 160 160 0 36.020-11.91 69.258-32 96l-64 64-224-224 64-64c26.742-20.090 59.978-32 96-32zM64 736l-64 288 288-64 592-592-224-224-592 592zM715.578 363.578l-448 448-55.156-55.156 448-448 55.156 55.156z"
        ],
        "tags": [
          "pencil",
          "write",
          "edit"
        ],
        "defaultCode": 59653,
        "grid": 16,
        "attrs": []
      },
      "attrs": [],
      "properties": {
        "ligatures": "pencil, write",
        "name": "pencil",
        "order": 7,
        "id": 6,
        "prevSize": 32
      },
      "setIdx": 0,
      "setId": 1,
      "iconIdx": 5
    },
    {
      "icon": {
        "paths": [
          "M832 64h-640l-192 192v672c0 17.674 14.326 32 32 32h960c17.672 0 32-14.326 32-32v-672l-192-192zM512 832l-320-256h192v-192h256v192h192l-320 256zM154.51 192l64-64h586.978l64 64h-714.978z"
        ],
        "tags": [
          "box-add",
          "box",
          "download",
          "storage",
          "inbox",
          "archive"
        ],
        "defaultCode": 59742,
        "grid": 16,
        "attrs": []
      },
      "attrs": [],
      "properties": {
        "ligatures": "box-add, box3",
        "name": "box-add",
        "order": 5,
        "id": 95,
        "prevSize": 32
      },
      "setIdx": 0,
      "setId": 1,
      "iconIdx": 94
    },
    {
      "icon": {
        "paths": [
          "M832 64h-640l-192 192v672c0 17.674 14.326 32 32 32h960c17.672 0 32-14.326 32-32v-672l-192-192zM640 640v192h-256v-192h-192l320-256 320 256h-192zM154.51 192l64-64h586.976l64 64h-714.976z"
        ],
        "tags": [
          "box-remove",
          "box",
          "upload",
          "storage",
          "outbox",
          "archive"
        ],
        "defaultCode": 59743,
        "grid": 16,
        "attrs": []
      },
      "attrs": [],
      "properties": {
        "ligatures": "box-remove, box4",
        "name": "box-remove",
        "order": 6,
        "id": 96,
        "prevSize": 32
      },
      "setIdx": 0,
      "setId": 1,
      "iconIdx": 95
    },
    {
      "icon": {
        "paths": [
          "M128 320v640c0 35.2 28.8 64 64 64h576c35.2 0 64-28.8 64-64v-640h-704zM320 896h-64v-448h64v448zM448 896h-64v-448h64v448zM576 896h-64v-448h64v448zM704 896h-64v-448h64v448z",
          "M848 128h-208v-80c0-26.4-21.6-48-48-48h-224c-26.4 0-48 21.6-48 48v80h-208c-26.4 0-48 21.6-48 48v80h832v-80c0-26.4-21.6-48-48-48zM576 128h-192v-63.198h192v63.198z"
        ],
        "tags": [
          "bin",
          "trashcan",
          "remove",
          "delete",
          "recycle",
          "dispose"
        ],
        "defaultCode": 59820,
        "grid": 16,
        "attrs": []
      },
      "attrs": [],
      "properties": {
        "ligatures": "bin, trashcan",
        "name": "bin",
        "order": 8,
        "id": 173,
        "prevSize": 32
      },
      "setIdx": 0,
      "setId": 1,
      "iconIdx": 172
    }
  ],
  "height": 1024,
  "preferences": {
    "showGlyphs": true,
    "showQuickUse": true,
    "showQuickUse2": true,
    "showSVGs": true,
    "fontPref": {
      "prefix": "icon-",
      "metadata": {
        "fontFamily": "icomoon"
      },
      "metrics": {
        "emSize": 1024,
        "baseline": 6.25,
        "whitespace": 50
      },
      "embed": false
    },
    "imagePref": {
      "prefix": "icon-",
      "png": true,
      "useClassSelector": true,
      "color": 0,
      "bgColor": 16777215,
      "classSelector": ".icon",
      "name": "icomoon"
    },
    "historySize": 50,
    "showCodes": true,
    "gridSize": 16
  }
}